{"properties": [
  {
    "name": "jwt.secret",
    "type": "java.lang.String",
    "description": "A description for 'jwt.secret'"
  },
  {
    "name": "jwt.secret",
    "type": "java.lang.String",
    "description": "A description for 'jwt.secret'"
  },
  {
    "name": "spring.jpa.hibernate.hbm2ddl-auto",
    "type": "java.lang.String",
    "description": "A description for 'spring.jpa.hibernate.hbm2ddl-auto'"
  },
  {
    "name": "ControllerAdvice.NotAuthorized",
    "type": "java.lang.String",
    "description": "A description for 'ControllerAdvice.NotAuthorized'"
  },
  {
    "name": "CustomerDetailsService.NotValid",
    "type": "java.lang.String",
    "description": "A description for 'CustomerDetailsService.NotValid'"
  },
  {
    "name": "JwtRequestFilter.FinishingToken",
    "type": "java.lang.String",
    "description": "A description for 'JwtRequestFilter.FinishingToken'"
  },
  {
    "name": "JwtRequestFilter.SettingToken",
    "type": "java.lang.String",
    "description": "A description for 'JwtRequestFilter.SettingToken'"
  },
  {
    "name": "JwtRequestFilter.Chaining",
    "type": "java.lang.String",
    "description": "A description for 'JwtRequestFilter.Chaining'"
  }
]}